Rollno,marks
221710300001,49
221710300002,77
221710300003,32
221710300004,27
221710300005,34
221710300006,41
221710300007,39
221710300008,50
221710300009,45
221710300010,87
221710300011,92
221710300012,57
221710300013,65
221710300014,41
221710300015,51
221710300016,57
221710300017,7
221710300018,86
221710300019,81
221710300020,68
221710300021,67
221710300022,95
221710300023,17
221710300024,42
221710300025,10
221710300026,31
221710300027,49
221710300028,56
221710300029,81
221710300030,80
221710300031,89
221710300032,20
221710300033,43
221710300034,38
221710300035,87
221710300036,3
221710300037,62
221710300038,16
221710300039,26
221710300040,26
221710300041,0
221710300042,46
221710300043,90
221710300044,9
221710300045,50
221710300046,75
221710300047,48
221710300048,91
221710300049,93
221710300050,65
221710300051,86
221710300052,57
221710300053,59
221710300054,7
221710300055,85
221710300056,52
221710300057,25
221710300058,61
221710300059,45
221710300060,5
221710300061,62
221710300062,87
221710300063,88
221710300064,33
221710300065,35
221710300066,7
221710300067,87
221710300068,71
221710300069,88
221710300070,70
221710300071,4
221710300072,82
221710300073,11
221710300074,81
221710300075,5
221710300076,92
221710300077,52
221710300078,46
221710300079,12
221710300080,99
221710300081,50
221710300082,51
221710300083,28
221710300084,99
221710300085,43
221710300086,49
221710300087,38
221710300088,64
221710300089,82
221710300090,91
221710300091,54
221710300092,19
221710300093,83
221710300094,20
221710300095,54
221710300096,77
221710300097,18
221710300098,85
221710300099,18
221710300100,62
221710300101,29
221710300102,87
221710300103,14
221710300104,61
221710300105,67
221710300106,25
221710300107,93
221710300108,100
221710300109,82
221710300110,88
221710300111,88
221710300112,75
221710300113,75
221710300114,35
221710300115,28
221710300116,37
221710300117,27
221710300118,17
221710300119,25
221710300120,39
221710300121,40
221710300122,82
221710300123,63
221710300124,100
221710300125,51
221710300126,15
221710300127,87
221710300128,57
221710300129,66
221710300130,67
221710300131,81
221710300132,26
221710300133,69
221710300134,15
221710300135,29
221710300136,28
221710300137,70
221710300138,0
221710300139,90
221710300140,11
221710300141,2
221710300142,42
221710300143,56
221710300144,78
221710300145,9
221710300146,4
221710300147,0
221710300148,89
221710300149,80
221710300150,46
221710300151,35
221710300152,69
221710300153,79
221710300154,18
221710300155,2
221710300156,83
221710300157,45
221710300158,15
221710300159,5
221710300160,44
221710300161,2
221710300162,7
221710300163,79
221710300164,84
221710300165,81
221710300166,50
221710300167,31
221710300168,2
221710300169,10
221710300170,9
221710300171,66
221710300172,10
221710300173,91
221710300174,73
221710300175,24
221710300176,93
221710300177,88
221710300178,96
221710300179,49
221710300180,90
221710300181,99
221710300182,25
221710300183,18
221710300184,14
221710300185,77
221710300186,26
221710300187,8
221710300188,33
221710300189,53
221710300190,74
221710300191,77
221710300192,79
221710300193,51
221710300194,3
221710300195,10
221710300196,57
221710300197,73
221710300198,99
221710300199,87
221710300200,57
221710300201,86
221710300202,43
221710300203,49
221710300204,81
221710300205,33
221710300206,67
221710300207,75
221710300208,86
221710300209,72
221710300210,35
221710300211,26
221710300212,78
221710300213,92
221710300214,9
221710300215,90
221710300216,86
221710300217,85
221710300218,80
221710300219,69
221710300220,77
221710300221,9
221710300222,94
221710300223,58
221710300224,62
221710300225,64
221710300226,23
221710300227,85
221710300228,99
221710300229,15
221710300230,88
221710300231,99
221710300232,11
221710300233,60
221710300234,22
221710300235,73
221710300236,56
221710300237,48
221710300238,74
221710300239,72
221710300240,19
221710300241,56
221710300242,30
221710300243,100
221710300244,44
221710300245,47
221710300246,74
221710300247,5
221710300248,24
221710300249,64
221710300250,95
221710300251,25
221710300252,43
221710300253,5
221710300254,22
221710300255,16
221710300256,9
221710300257,72
221710300258,39
221710300259,71
221710300260,40
221710300261,76
221710300262,37
221710300263,26
221710300264,42
221710300265,57
221710300266,36
221710300267,52
221710300268,36
221710300269,54
221710300270,13
221710300271,43
221710300272,58
221710300273,86
221710300274,65
221710300275,43
221710300276,53
221710300277,15
221710300278,47
221710300279,14
221710300280,0
221710300281,41
221710300282,99
221710300283,29
221710300284,63
221710300285,16
221710300286,68
221710300287,19
221710300288,50
221710300289,9
221710300290,52
221710300291,71
221710300292,60
221710300293,54
221710300294,67
221710300295,25
221710300296,28
221710300297,81
221710300298,34
221710300299,83
221710300300,23
221710300301,11
221710300302,91
221710300303,36
221710300304,9
221710300305,90
221710300306,7
221710300307,21
221710300308,71
221710300309,18
221710300310,70
221710300311,60
221710300312,44
221710300313,49
221710300314,1
221710300315,24
221710300316,88
221710300317,76
221710300318,55
221710300319,94
221710300320,59
221710300321,68
221710300322,66
221710300323,49
221710300324,21
221710300325,31
221710300326,67
221710300327,81
221710300328,54
221710300329,4
221710300330,32
221710300331,16
221710300332,86
221710300333,32
221710300334,84
221710300335,54
221710300336,80
221710300337,59
221710300338,45
221710300339,17
221710300340,6
221710300341,83
221710300342,89
221710300343,30
221710300344,89
221710300345,63
221710300346,17
221710300347,53
221710300348,97
221710300349,20
221710300350,15
221710300351,88
221710300352,84
221710300353,91
221710300354,81
221710300355,49
221710300356,43
221710300357,74
221710300358,53
221710300359,23
221710300360,27
221710300361,13
221710300362,29
221710300363,46
221710300364,32
221710300365,10
221710300366,12
221710300367,8
221710300368,12
221710300369,81
221710300370,36
221710300371,50
221710300372,5
221710300373,64
221710300374,18
221710300375,79
221710300376,95
221710300377,80
221710300378,0
221710300379,45
221710300380,8
221710300381,99
221710300382,48
221710300383,18
221710300384,72
221710300385,91
221710300386,59
221710300387,0
221710300388,73
221710300389,59
221710300390,48
221710300391,7
221710300392,89
221710300393,37
221710300394,51
221710300395,88
221710300396,62
221710300397,82
221710300398,42
221710300399,23
221710300400,76
221710300401,22
221710300402,45
221710300403,22
221710300404,42
221710300405,49
221710300406,14
221710300407,76
221710300408,54
221710300409,20
221710300410,42
221710300411,56
221710300412,88
221710300413,75
221710300414,15
221710300415,31
221710300416,4
221710300417,60
221710300418,28
221710300419,81
221710300420,35
221710300421,47
221710300422,19
221710300423,22
221710300424,5
221710300425,50
221710300426,74
221710300427,70
221710300428,34
221710300429,76
221710300430,75
221710300431,18
221710300432,66
221710300433,58
221710300434,75
221710300435,35
221710300436,63
221710300437,70
221710300438,44
221710300439,3
221710300440,79
221710300441,50
221710300442,47
221710300443,11
221710300444,70
221710300445,7
221710300446,74
221710300447,53
221710300448,64
221710300449,89
221710300450,71
221710300451,69
221710300452,83
221710300453,31
221710300454,86
221710300455,78
221710300456,22
221710300457,22
221710300458,17
221710300459,54
221710300460,96
221710300461,50
221710300462,67
221710300463,0
221710300464,79
221710300465,36
221710300466,37
221710300467,84
221710300468,80
221710300469,34
221710300470,5
221710300471,69
221710300472,99
221710300473,21
221710300474,73
221710300475,41
221710300476,92
221710300477,29
221710300478,66
221710300479,61
221710300480,100
221710300481,66
221710300482,85
221710300483,63
221710300484,81
221710300485,98
221710300486,62
221710300487,74
221710300488,70
221710300489,64
221710300490,45
221710300491,38
221710300492,28
221710300493,50
221710300494,84
221710300495,40
221710300496,94
221710300497,11
221710300498,8
221710300499,81
221710300500,97
221710300501,74
221710300502,17
221710300503,18
221710300504,57
221710300505,86
221710300506,8
221710300507,26
221710300508,1
221710300509,42
221710300510,34
221710300511,34
221710300512,13
221710300513,70
221710300514,75
221710300515,69
221710300516,55
221710300517,94
221710300518,92
221710300519,97
221710300520,63
221710300521,84
221710300522,39
221710300523,23
221710300524,39
221710300525,42
221710300526,88
221710300527,47
221710300528,4
221710300529,80
221710300530,52
221710300531,53
221710300532,9
221710300533,35
221710300534,91
221710300535,79
221710300536,60
221710300537,64
221710300538,87
221710300539,86
221710300540,56
221710300541,17
221710300542,13
221710300543,14
221710300544,79
221710300545,12
221710300546,45
221710300547,69
221710300548,98
221710300549,45
221710300550,100
221710300551,22
221710300552,84
221710300553,54
221710300554,24
221710300555,92
221710300556,37
221710300557,75
221710300558,28
221710300559,0
221710300560,98
221710300561,38
221710300562,39
221710300563,35
221710300564,38
221710300565,35
221710300566,55
221710300567,70
221710300568,30
221710300569,11
221710300570,57
221710300571,58
221710300572,44
221710300573,6
221710300574,75
221710300575,24
221710300576,32
221710300577,30
221710300578,6
221710300579,14
221710300580,58
221710300581,27
221710300582,63
221710300583,31
221710300584,80
221710300585,67
221710300586,92
221710300587,96
221710300588,28
221710300589,86
221710300590,44
221710300591,60
221710300592,91
221710300593,7
221710300594,75
221710300595,86
221710300596,40
221710300597,20
221710300598,59
221710300599,21
221710300600,26
221710300601,72
221710300602,51
221710300603,23
221710300604,74
221710300605,21
221710300606,68
221710300607,78
221710300608,50
221710300609,68
221710300610,52
221710300611,73
221710300612,96
221710300613,34
221710300614,48
221710300615,2
221710300616,46
221710300617,71
221710300618,60
221710300619,7
221710300620,32
221710300621,23
221710300622,14
221710300623,81
221710300624,42
221710300625,52
221710300626,70
221710300627,93
221710300628,80
221710300629,62
221710300630,21
221710300631,69
221710300632,53
221710300633,85
221710300634,65
221710300635,61
221710300636,34
221710300637,51
221710300638,56
221710300639,41
221710300640,64
221710300641,42
221710300642,86
221710300643,89
221710300644,92
221710300645,2
221710300646,48
221710300647,0
221710300648,24
221710300649,44
221710300650,9
221710300651,67
221710300652,90
221710300653,66
221710300654,72
221710300655,50
221710300656,87
221710300657,0
221710300658,8
221710300659,29
221710300660,100
221710300661,34
221710300662,92
221710300663,95
221710300664,62
221710300665,85
221710300666,82
221710300667,81
221710300668,9
221710300669,26
221710300670,30
221710300671,35
221710300672,93
221710300673,79
221710300674,70
221710300675,30
221710300676,59
221710300677,50
221710300678,49
221710300679,70
221710300680,26
221710300681,31
221710300682,20
221710300683,23
221710300684,80
221710300685,73
221710300686,93
221710300687,0
221710300688,48
221710300689,19
221710300690,53
221710300691,16
221710300692,65
221710300693,29
221710300694,90
221710300695,45
221710300696,29
221710300697,21
221710300698,12
221710300699,32
221710300700,20
221710300701,27
221710300702,52
221710300703,46
221710300704,29
221710300705,47
221710300706,100
221710300707,24
221710300708,57
221710300709,67
221710300710,78
221710300711,75
221710300712,5
221710300713,11
221710300714,46
221710300715,55
221710300716,2
221710300717,6
221710300718,15
221710300719,69
221710300720,28
221710300721,44
221710300722,0
221710300723,5
221710300724,41
221710300725,69
221710300726,34
221710300727,90
221710300728,5
221710300729,87
221710300730,57
221710300731,60
221710300732,41
221710300733,94
221710300734,43
221710300735,100
221710300736,23
221710300737,63
221710300738,53
221710300739,35
221710300740,62
221710300741,63
221710300742,14
221710300743,3
221710300744,6
221710300745,55
221710300746,40
221710300747,67
221710300748,38
221710300749,11
221710300750,71
221710300751,82
221710300752,39
221710300753,10
221710300754,11
221710300755,48
221710300756,89
221710300757,77
221710300758,37
221710300759,34
221710300760,2
221710300761,28
221710300762,5
221710300763,87
221710300764,79
221710300765,33
221710300766,97
221710300767,61
221710300768,88
221710300769,6
221710300770,72
221710300771,75
221710300772,26
221710300773,86
221710300774,21
221710300775,30
221710300776,94
221710300777,44
221710300778,27
221710300779,37
221710300780,47
221710300781,38
221710300782,90
221710300783,8
221710300784,100
221710300785,66
221710300786,91
221710300787,3
221710300788,92
221710300789,18
221710300790,4
221710300791,43
221710300792,3
221710300793,20
221710300794,13
221710300795,57
221710300796,21
221710300797,57
221710300798,68
221710300799,82
221710300800,42
221710300801,41
221710300802,51
221710300803,26
221710300804,22
221710300805,49
221710300806,98
221710300807,83
221710300808,86
221710300809,45
221710300810,17
221710300811,12
221710300812,65
221710300813,39
221710300814,43
221710300815,96
221710300816,68
221710300817,22
221710300818,72
221710300819,59
221710300820,61
221710300821,92
221710300822,4
221710300823,48
221710300824,8
221710300825,1
221710300826,21
221710300827,12
221710300828,83
221710300829,98
221710300830,49
221710300831,96
221710300832,40
221710300833,12
221710300834,95
221710300835,52
221710300836,92
221710300837,46
221710300838,31
221710300839,58
221710300840,34
221710300841,19
221710300842,5
221710300843,42
221710300844,15
221710300845,31
221710300846,21
221710300847,71
221710300848,9
221710300849,69
221710300850,34
221710300851,11
221710300852,78
221710300853,54
221710300854,99
221710300855,91
221710300856,5
221710300857,96
221710300858,19
221710300859,41
221710300860,92
221710300861,24
221710300862,42
221710300863,94
221710300864,1
221710300865,20
221710300866,81
221710300867,78
221710300868,2
221710300869,80
221710300870,71
221710300871,30
221710300872,32
221710300873,44
221710300874,89
221710300875,96
221710300876,17
221710300877,66
221710300878,82
221710300879,81
221710300880,64
221710300881,77
221710300882,73
221710300883,55
221710300884,18
221710300885,51
221710300886,61
221710300887,22
221710300888,94
221710300889,89
221710300890,8
221710300891,96
221710300892,0
221710300893,18
221710300894,97
221710300895,46
221710300896,2
221710300897,26
221710300898,83
221710300899,44
221710300900,81
221710300901,51
221710300902,88
221710300903,9
221710300904,88
221710300905,98
221710300906,34
221710300907,73
221710300908,25
221710300909,80
221710300910,58
221710300911,31
221710300912,32
221710300913,44
221710300914,91
221710300915,28
221710300916,22
221710300917,48
221710300918,11
221710300919,75
221710300920,51
221710300921,1
221710300922,76
221710300923,41
221710300924,1
221710300925,8
221710300926,68
221710300927,47
221710300928,9
221710300929,12
221710300930,68
221710300931,5
221710300932,7
221710300933,40
221710300934,8
221710300935,37
221710300936,48
221710300937,62
221710300938,16
221710300939,83
221710300940,68
221710300941,90
221710300942,48
221710300943,82
221710300944,64
221710300945,45
221710300946,5
221710300947,100
221710300948,42
221710300949,77
221710300950,76
221710300951,38
221710300952,86
221710300953,85
221710300954,4
221710300955,91
221710300956,82
221710300957,14
221710300958,88
221710300959,35
221710300960,24
221710300961,29
221710300962,77
221710300963,97
221710300964,47
221710300965,99
221710300966,61
221710300967,98
221710300968,59
221710300969,30
221710300970,20
221710300971,80
221710300972,40
221710300973,9
221710300974,51
221710300975,69
221710300976,9
221710300977,9
221710300978,67
221710300979,53
221710300980,10
221710300981,53
221710300982,29
221710300983,73
221710300984,33
221710300985,66
221710300986,23
221710300987,51
221710300988,13
221710300989,50
221710300990,37
221710300991,33
221710300992,2
221710300993,31
221710300994,4
221710300995,3
221710300996,30
221710300997,76
221710300998,65
221710300999,26
221710301000,53
221710301001,24
221710301002,97
221710301003,38
221710301004,16
221710301005,18
221710301006,35
221710301007,67
221710301008,38
221710301009,91
221710301010,33
221710301011,37
221710301012,33
221710301013,74
221710301014,34
221710301015,71
221710301016,71
221710301017,67
221710301018,35
221710301019,43
221710301020,48
221710301021,63
221710301022,94
221710301023,27
221710301024,72
221710301025,54
221710301026,50
221710301027,63
221710301028,89
221710301029,42
221710301030,85
221710301031,63
221710301032,79
221710301033,57
221710301034,8
221710301035,25
221710301036,31
221710301037,60
221710301038,56
221710301039,37
221710301040,41
221710301041,68
221710301042,82
221710301043,13
221710301044,32
221710301045,44
221710301046,22
221710301047,71
221710301048,40
221710301049,98
221710301050,79
221710301051,56
221710301052,87
221710301053,96
221710301054,99
221710301055,55
221710301056,21
221710301057,67
221710301058,79
221710301059,82
221710301060,52
221710301061,39
221710301062,10
221710301063,91
221710301064,23
221710301065,1
221710301066,89
221710301067,17
221710301068,48
221710301069,9
221710301070,65
221710301071,68
221710301072,61
221710301073,83
221710301074,64
221710301075,1
221710301076,5
221710301077,37
221710301078,72
221710301079,44
221710301080,50
221710301081,48
221710301082,18
221710301083,84
221710301084,26
221710301085,97
221710301086,20
221710301087,36
221710301088,40
221710301089,38
221710301090,84
221710301091,55
221710301092,90
221710301093,3
221710301094,40
221710301095,81
221710301096,58
221710301097,56
221710301098,16
221710301099,94
221710301100,13
221710301101,18
221710301102,62
221710301103,64
221710301104,71
221710301105,20
221710301106,84
221710301107,59
221710301108,21
221710301109,33
221710301110,98
221710301111,82
221710301112,80
221710301113,96
221710301114,87
221710301115,57
221710301116,95
221710301117,9
221710301118,57
221710301119,21
221710301120,43
221710301121,91
221710301122,63
221710301123,27
221710301124,16
221710301125,90
221710301126,78
221710301127,44
221710301128,20
221710301129,38
221710301130,56
221710301131,25
221710301132,78
221710301133,19
221710301134,63
221710301135,10
221710301136,98
221710301137,0
221710301138,38
221710301139,43
221710301140,68
221710301141,77
221710301142,53
221710301143,7
221710301144,29
221710301145,73
221710301146,70
221710301147,42
221710301148,56
221710301149,60
221710301150,18
221710301151,52
221710301152,28
221710301153,36
221710301154,58
221710301155,78
221710301156,23
221710301157,7
221710301158,86
221710301159,88
221710301160,78
221710301161,1
221710301162,100
221710301163,42
221710301164,11
221710301165,45
221710301166,8
221710301167,9
221710301168,57
221710301169,57
221710301170,22
221710301171,32
221710301172,66
221710301173,2
221710301174,17
221710301175,63
221710301176,96
221710301177,77
221710301178,42
221710301179,66
221710301180,14
221710301181,6
221710301182,11
221710301183,20
221710301184,4
221710301185,65
221710301186,84
221710301187,20
221710301188,79
221710301189,21
221710301190,84
221710301191,77
221710301192,25
221710301193,73
221710301194,10
221710301195,4
221710301196,61
221710301197,40
221710301198,74
221710301199,20
221710301200,91
221710301201,31
221710301202,20
221710301203,7
221710301204,75
221710301205,64
221710301206,77
221710301207,22
221710301208,81
221710301209,35
221710301210,66
221710301211,44
221710301212,37
221710301213,33
221710301214,7
221710301215,94
221710301216,18
221710301217,96
221710301218,85
221710301219,92
221710301220,9
221710301221,29
221710301222,8
221710301223,61
221710301224,51
221710301225,82
221710301226,90
221710301227,1
221710301228,29
221710301229,94
221710301230,79
221710301231,28
221710301232,28
221710301233,13
221710301234,56
221710301235,77
221710301236,72
221710301237,67
221710301238,75
221710301239,72
221710301240,100
221710301241,28
221710301242,53
221710301243,90
221710301244,27
221710301245,61
221710301246,96
221710301247,94
221710301248,95
221710301249,27
221710301250,92
221710301251,91
221710301252,85
221710301253,75
221710301254,44
221710301255,20
221710301256,61
221710301257,76
221710301258,100
221710301259,3
221710301260,68
221710301261,41
221710301262,54
221710301263,21
221710301264,46
221710301265,83
221710301266,80
221710301267,74
221710301268,8
221710301269,87
221710301270,87
221710301271,65
221710301272,22
221710301273,24
221710301274,90
221710301275,30
221710301276,37
221710301277,70
221710301278,44
221710301279,25
221710301280,65
221710301281,12
221710301282,72
221710301283,31
221710301284,88
221710301285,94
221710301286,4
221710301287,77
221710301288,100
221710301289,27
221710301290,41
221710301291,83
221710301292,82
221710301293,56
221710301294,91
221710301295,37
221710301296,88
221710301297,80
221710301298,51
221710301299,2
221710301300,13
221710301301,29
221710301302,29
221710301303,70
221710301304,22
221710301305,1
221710301306,70
221710301307,32
221710301308,86
221710301309,55
221710301310,41
221710301311,10
221710301312,9
221710301313,13
221710301314,90
221710301315,5
221710301316,36
221710301317,63
221710301318,50
221710301319,41
221710301320,37
221710301321,35
221710301322,11
221710301323,13
221710301324,37
221710301325,51
221710301326,91
221710301327,49
221710301328,58
221710301329,3
221710301330,84
221710301331,47
221710301332,6
221710301333,93
221710301334,68
221710301335,74
221710301336,84
221710301337,77
221710301338,29
221710301339,97
221710301340,63
221710301341,2
221710301342,57
221710301343,93
221710301344,52
221710301345,27
221710301346,63
221710301347,57
221710301348,18
221710301349,48
221710301350,95
221710301351,7
221710301352,72
221710301353,86
221710301354,68
221710301355,30
221710301356,67
221710301357,93
221710301358,46
221710301359,44
221710301360,60
221710301361,93
221710301362,89
221710301363,99
221710301364,13
221710301365,30
221710301366,40
221710301367,58
221710301368,25
221710301369,84
221710301370,98
221710301371,46
221710301372,24
221710301373,96
221710301374,95
221710301375,38
221710301376,51
221710301377,79
221710301378,97
221710301379,73
221710301380,65
221710301381,64
221710301382,89
221710301383,15
221710301384,23
221710301385,12
221710301386,8
221710301387,34
221710301388,47
221710301389,54
221710301390,93
221710301391,95
221710301392,41
221710301393,30
221710301394,94
221710301395,86
221710301396,70
221710301397,81
221710301398,3
221710301399,44
221710301400,57
221710301401,58
221710301402,95
221710301403,28
221710301404,45
221710301405,6
221710301406,49
221710301407,20
221710301408,29
221710301409,19
221710301410,86
221710301411,3
221710301412,67
221710301413,28
221710301414,70
221710301415,4
221710301416,29
221710301417,36
221710301418,77
221710301419,38
221710301420,61
221710301421,34
221710301422,49
221710301423,9
221710301424,81
221710301425,41
221710301426,76
221710301427,80
221710301428,68
221710301429,81
221710301430,64
221710301431,61
221710301432,10
221710301433,20
221710301434,71
221710301435,94
221710301436,69
221710301437,53
221710301438,90
221710301439,7
221710301440,40
221710301441,47
221710301442,98
221710301443,19
221710301444,60
221710301445,60
221710301446,85
221710301447,60
221710301448,83
221710301449,14
221710301450,10
221710301451,95
221710301452,83
221710301453,92
221710301454,15
221710301455,70
221710301456,89
221710301457,13
221710301458,12
221710301459,66
221710301460,83
221710301461,92
221710301462,64
221710301463,23
221710301464,98
221710301465,66
221710301466,13
221710301467,75
221710301468,59
221710301469,59
221710301470,39
221710301471,31
221710301472,37
221710301473,14
221710301474,66
221710301475,39
221710301476,65
221710301477,69
221710301478,92
221710301479,66
221710301480,93
221710301481,27
221710301482,12
221710301483,23
221710301484,27
221710301485,15
221710301486,80
221710301487,24
221710301488,11
221710301489,6
221710301490,29
221710301491,73
221710301492,75
221710301493,91
221710301494,0
221710301495,79
221710301496,93
221710301497,23
221710301498,57
221710301499,2
221710301500,26
221710301501,26
221710301502,40
221710301503,68
221710301504,58
221710301505,69
221710301506,31
221710301507,45
221710301508,54
221710301509,85
221710301510,90
221710301511,77
221710301512,57
221710301513,60
221710301514,65
221710301515,50
221710301516,3
221710301517,71
221710301518,38
221710301519,6
221710301520,30
221710301521,12
221710301522,77
221710301523,92
221710301524,57
221710301525,10
221710301526,54
221710301527,45
221710301528,36
221710301529,12
221710301530,69
221710301531,46
221710301532,48
221710301533,97
221710301534,50
221710301535,87
221710301536,10
221710301537,7
221710301538,91
221710301539,16
221710301540,48
221710301541,69
221710301542,4
221710301543,66
221710301544,22
221710301545,54
221710301546,28
221710301547,73
221710301548,44
221710301549,4
221710301550,18
221710301551,3
221710301552,47
221710301553,37
221710301554,93
221710301555,15
221710301556,72
221710301557,4
221710301558,93
221710301559,48
221710301560,21
221710301561,18
221710301562,82
221710301563,30
221710301564,45
221710301565,17
221710301566,66
221710301567,63
221710301568,51
221710301569,9
221710301570,99
221710301571,33
221710301572,20
221710301573,25
221710301574,24
221710301575,41
221710301576,95
221710301577,96
221710301578,46
221710301579,41
221710301580,17
221710301581,94
221710301582,33
221710301583,28
221710301584,62
221710301585,12
221710301586,20
221710301587,24
221710301588,77
221710301589,33
221710301590,19
221710301591,89
221710301592,66
221710301593,87
221710301594,24
221710301595,8
221710301596,6
221710301597,92
221710301598,83
221710301599,82
221710301600,81
221710301601,35
221710301602,54
221710301603,35
221710301604,31
221710301605,50
221710301606,13
221710301607,40
221710301608,81
221710301609,98
221710301610,29
221710301611,50
221710301612,81
221710301613,91
221710301614,47
221710301615,81
221710301616,89
221710301617,57
221710301618,46
221710301619,70
221710301620,21
221710301621,69
221710301622,53
221710301623,25
221710301624,44
221710301625,91
221710301626,59
221710301627,1
221710301628,2
221710301629,97
221710301630,35
221710301631,59
221710301632,38
221710301633,27
221710301634,63
221710301635,93
221710301636,28
221710301637,11
221710301638,56
221710301639,73
221710301640,24
221710301641,25
221710301642,90
221710301643,29
221710301644,30
221710301645,49
221710301646,89
221710301647,54
221710301648,42
221710301649,17
221710301650,46
221710301651,96
221710301652,27
221710301653,72
221710301654,51
221710301655,22
221710301656,61
221710301657,31
221710301658,33
221710301659,69
221710301660,26
221710301661,69
221710301662,65
221710301663,30
221710301664,40
221710301665,13
221710301666,53
221710301667,67
221710301668,94
221710301669,10
221710301670,80
221710301671,55
221710301672,93
221710301673,79
221710301674,44
221710301675,1
221710301676,21
221710301677,98
221710301678,10
221710301679,90
221710301680,68
221710301681,66
221710301682,68
221710301683,7
221710301684,28
221710301685,61
221710301686,94
221710301687,36
221710301688,78
221710301689,59
221710301690,27
221710301691,49
221710301692,22
221710301693,69
221710301694,79
221710301695,72
221710301696,34
221710301697,71
221710301698,84
221710301699,49
221710301700,88
221710301701,33
221710301702,41
221710301703,5
221710301704,8
221710301705,90
221710301706,21
221710301707,48
221710301708,55
221710301709,39
221710301710,78
221710301711,9
221710301712,35
221710301713,36
221710301714,7
221710301715,97
221710301716,35
221710301717,56
221710301718,69
221710301719,49
221710301720,57
221710301721,43
221710301722,81
221710301723,37
221710301724,82
221710301725,36
221710301726,53
221710301727,36
221710301728,45
221710301729,12
221710301730,82
221710301731,17
221710301732,92
221710301733,45
221710301734,69
221710301735,26
221710301736,88
221710301737,22
221710301738,27
221710301739,40
221710301740,63
221710301741,22
221710301742,79
221710301743,33
221710301744,94
221710301745,55
221710301746,36
221710301747,47
221710301748,43
221710301749,70
221710301750,81
221710301751,28
221710301752,32
221710301753,47
221710301754,99
221710301755,71
221710301756,61
221710301757,52
221710301758,70
221710301759,16
221710301760,26
221710301761,94
221710301762,65
221710301763,24
221710301764,56
221710301765,19
221710301766,26
221710301767,16
221710301768,41
221710301769,95
221710301770,41
221710301771,28
221710301772,54
221710301773,1
221710301774,9
221710301775,61
221710301776,70
221710301777,44
221710301778,16
221710301779,8
221710301780,71
221710301781,82
221710301782,65
221710301783,92
221710301784,98
221710301785,63
221710301786,82
221710301787,41
221710301788,14
221710301789,15
221710301790,56
221710301791,69
221710301792,70
221710301793,29
221710301794,51
221710301795,77
221710301796,75
221710301797,9
221710301798,8
221710301799,49
221710301800,3
221710301801,54
221710301802,1
221710301803,83
221710301804,69
221710301805,31
221710301806,1
221710301807,33
221710301808,54
221710301809,4
221710301810,23
221710301811,97
221710301812,34
221710301813,6
221710301814,85
221710301815,45
221710301816,42
221710301817,26
221710301818,28
221710301819,81
221710301820,15
221710301821,70
221710301822,53
221710301823,14
221710301824,1
221710301825,96
221710301826,72
221710301827,21
221710301828,71
221710301829,4
221710301830,63
221710301831,94
221710301832,86
221710301833,47
221710301834,95
221710301835,61
221710301836,62
221710301837,17
221710301838,27
221710301839,60
221710301840,11
221710301841,50
221710301842,28
221710301843,64
221710301844,86
221710301845,69
221710301846,8
221710301847,28
221710301848,67
221710301849,32
221710301850,82
221710301851,39
221710301852,7
221710301853,74
221710301854,76
221710301855,3
221710301856,22
221710301857,83
221710301858,79
221710301859,12
221710301860,69
221710301861,41
221710301862,6
221710301863,10
221710301864,22
221710301865,19
221710301866,96
221710301867,23
221710301868,35
221710301869,7
221710301870,100
221710301871,23
221710301872,34
221710301873,7
221710301874,7
221710301875,23
221710301876,23
221710301877,16
221710301878,87
221710301879,19
221710301880,15
221710301881,67
221710301882,63
221710301883,6
221710301884,66
221710301885,65
221710301886,72
221710301887,39
221710301888,92
221710301889,74
221710301890,1
221710301891,34
221710301892,63
221710301893,77
221710301894,71
221710301895,52
221710301896,87
221710301897,84
221710301898,12
221710301899,83
221710301900,52
221710301901,37
221710301902,50
221710301903,99
221710301904,34
221710301905,9
221710301906,7
221710301907,6
221710301908,18
221710301909,90
221710301910,32
221710301911,61
221710301912,69
221710301913,26
221710301914,25
221710301915,69
221710301916,50
221710301917,46
221710301918,5
221710301919,44
221710301920,8
221710301921,63
221710301922,55
221710301923,50
221710301924,53
221710301925,3
221710301926,6
221710301927,23
221710301928,96
221710301929,55
221710301930,55
221710301931,72
221710301932,68
221710301933,76
221710301934,57
221710301935,20
221710301936,50
221710301937,86
221710301938,23
221710301939,80
221710301940,95
221710301941,97
221710301942,51
221710301943,83
221710301944,41
221710301945,78
221710301946,54
221710301947,25
221710301948,4
221710301949,44
221710301950,77
221710301951,53
221710301952,3
221710301953,90
221710301954,98
221710301955,39
221710301956,10
221710301957,75
221710301958,62
221710301959,14
221710301960,64
221710301961,9
221710301962,7
221710301963,99
221710301964,100
221710301965,38
221710301966,73
221710301967,87
221710301968,36
221710301969,40
221710301970,37
221710301971,17
221710301972,96
221710301973,25
221710301974,9
221710301975,54
221710301976,53
221710301977,34
221710301978,49
221710301979,73
221710301980,83
221710301981,2
221710301982,37
221710301983,8
221710301984,9
221710301985,91
221710301986,9
221710301987,25
221710301988,96
221710301989,92
221710301990,9
221710301991,27
221710301992,20
221710301993,22
221710301994,19
221710301995,86
221710301996,6
221710301997,60
221710301998,63
221710301999,9
221710302000,44
